{
  "activation_utilization": 0.976664769493455,
  "axis_delta": {
    "activation_utilization": 0.000733414364337603,
    "board_utilization": 0.00820203611567816,
    "card_coverage": -0.00928571428571429,
    "dominance_moment": 0.00127195243762235,
    "emotional_arc": 0.00445104319864442,
    "loss_resilience": 0.0136904761904759,
    "theme_ratio_variance": 0.0278055555555554,
    "tipping_point_quality": -0.0050022585858113,
    "weighted_score": 0.00462291838858553,
    "win_rate_band": 0.0
  },
  "board_utilization": 0.668679895734761,
  "card_coverage": 0.165714285714286,
  "dominance_moment": 0.992941795323208,
  "emotional_arc": 0.891220523718124,
  "loss_resilience": 0.324761904761905,
  "metadata": {
    "base_seed": 42,
    "genome_path": "res://sim/candidate_genome.json",
    "runs_per_ai": 20,
    "strategies": [
      "soft_steampunk",
      "soft_druid",
      "soft_predator",
      "soft_military",
      "adaptive",
      "economy",
      "aggressive"
    ],
    "total_runs": 140
  },
  "strategy_stats": {
    "adaptive": {
      "avg_hp": -10.25,
      "total": 20,
      "win_rate": 0.0,
      "wins": 0
    },
    "aggressive": {
      "avg_hp": -9.7,
      "total": 20,
      "win_rate": 0.0,
      "wins": 0
    },
    "economy": {
      "avg_hp": -10.2,
      "total": 20,
      "win_rate": 0.0,
      "wins": 0
    },
    "soft_druid": {
      "avg_hp": -10.2,
      "total": 20,
      "win_rate": 0.0,
      "wins": 0
    },
    "soft_military": {
      "avg_hp": -14.6,
      "total": 20,
      "win_rate": 0.0,
      "wins": 0
    },
    "soft_predator": {
      "avg_hp": -8.0,
      "total": 20,
      "win_rate": 0.0,
      "wins": 0
    },
    "soft_steampunk": {
      "avg_hp": -10.75,
      "total": 20,
      "win_rate": 0.0,
      "wins": 0
    }
  },
  "theme_ratio_variance": 0.504820436507936,
  "tipping_point_quality": 0.108393394234417,
  "weighted_score": 0.579469636124143,
  "win_rate_band": 0.9559974818331
}