{
  "activation_utilization": 0.963048132291849,
  "axis_delta": {
    "activation_utilization": -0.0216204927064956,
    "board_utilization": 0.00392898751932647,
    "card_coverage": -0.00857142857142873,
    "dominance_moment": -0.00235864356691273,
    "emotional_arc": 0.00560035842293866,
    "loss_resilience": 0.0117857142857141,
    "theme_ratio_variance": 0.0336355786362165,
    "tipping_point_quality": 0.00187388177814428,
    "weighted_score": 0.00375141814307783,
    "win_rate_band": -1.17940465490619e-07
  },
  "board_utilization": 0.649533085051111,
  "card_coverage": 0.254285714285714,
  "dominance_moment": 0.989766706067862,
  "emotional_arc": 0.315540194572453,
  "loss_resilience": 0.888452380952381,
  "metadata": {
    "base_seed": 42,
    "genome_path": "res://sim/candidate_genome.json",
    "runs_per_ai": 20,
    "strategies": [
      "soft_steampunk",
      "soft_druid",
      "soft_predator",
      "soft_military",
      "adaptive",
      "economy",
      "aggressive"
    ],
    "total_runs": 140
  },
  "strategy_stats": {
    "adaptive": {
      "avg_hp": 27.9,
      "total": 20,
      "win_rate": 0.95,
      "wins": 19
    },
    "aggressive": {
      "avg_hp": 27.7,
      "total": 20,
      "win_rate": 0.95,
      "wins": 19
    },
    "economy": {
      "avg_hp": 20.85,
      "total": 20,
      "win_rate": 0.95,
      "wins": 19
    },
    "soft_druid": {
      "avg_hp": 12.15,
      "total": 20,
      "win_rate": 0.65,
      "wins": 13
    },
    "soft_military": {
      "avg_hp": 25.85,
      "total": 20,
      "win_rate": 0.95,
      "wins": 19
    },
    "soft_predator": {
      "avg_hp": 24.6,
      "total": 20,
      "win_rate": 0.9,
      "wins": 18
    },
    "soft_steampunk": {
      "avg_hp": 24.1,
      "total": 20,
      "win_rate": 0.9,
      "wins": 18
    }
  },
  "theme_ratio_variance": 0.37597213111435,
  "tipping_point_quality": 0.114285714285714,
  "weighted_score": 0.472115616018616,
  "win_rate_band": 1.751932466854e-07
}