{
  "activation_utilization": 0.991464558972138,
  "board_utilization": 0.670195939669733,
  "card_coverage": 0.176666666666667,
  "dominance_moment": 0.991405501213939,
  "emotional_arc": 0.873937533244203,
  "loss_resilience": 0.340595238095238,
  "metadata": {
    "base_seed": 42,
    "genome_path": "res://sim/best_genome.json",
    "runs_per_ai": 60,
    "strategies": [
      "soft_steampunk",
      "soft_druid",
      "soft_predator",
      "soft_military",
      "adaptive",
      "economy",
      "aggressive"
    ],
    "total_runs": 420
  },
  "strategy_stats": {
    "adaptive": {
      "avg_hp": -9.28333333333333,
      "total": 60,
      "win_rate": 0.05,
      "wins": 3
    },
    "aggressive": {
      "avg_hp": -8.65,
      "total": 60,
      "win_rate": 0.0666666666666667,
      "wins": 4
    },
    "economy": {
      "avg_hp": -9.45,
      "total": 60,
      "win_rate": 0.0166666666666667,
      "wins": 1
    },
    "soft_druid": {
      "avg_hp": -9.75,
      "total": 60,
      "win_rate": 0.0166666666666667,
      "wins": 1
    },
    "soft_military": {
      "avg_hp": -11.1,
      "total": 60,
      "win_rate": 0.0166666666666667,
      "wins": 1
    },
    "soft_predator": {
      "avg_hp": -7.88333333333333,
      "total": 60,
      "win_rate": 0.05,
      "wins": 3
    },
    "soft_steampunk": {
      "avg_hp": -10.9333333333333,
      "total": 60,
      "win_rate": 0.0,
      "wins": 0
    }
  },
  "theme_ratio_variance": 0.448212931468884,
  "tipping_point_quality": 0.0826790723841566,
  "weighted_score": 0.541060936825507,
  "win_rate_band": 0.72773391282333
}
