{
  "activation_utilization": 0.929045504901445,
  "board_utilization": 0.651932984956499,
  "card_coverage": 0.265,
  "dominance_moment": 0.983138719113206,
  "emotional_arc": 0.286210317460317,
  "loss_resilience": 0.945357142857143,
  "metadata": {
    "base_seed": 42,
    "genome_path": "res://sim/best_genome.json",
    "runs_per_ai": 60,
    "strategies": [
      "soft_steampunk",
      "soft_druid",
      "soft_predator",
      "soft_military",
      "adaptive",
      "economy",
      "aggressive"
    ],
    "total_runs": 420
  },
  "strategy_stats": {
    "adaptive": {
      "avg_hp": 29.85,
      "total": 60,
      "win_rate": 1.0,
      "wins": 60
    },
    "aggressive": {
      "avg_hp": 30.0,
      "total": 60,
      "win_rate": 1.0,
      "wins": 60
    },
    "economy": {
      "avg_hp": 28.0,
      "total": 60,
      "win_rate": 1.0,
      "wins": 60
    },
    "soft_druid": {
      "avg_hp": 19.7833333333333,
      "total": 60,
      "win_rate": 0.833333333333333,
      "wins": 50
    },
    "soft_military": {
      "avg_hp": 26.6666666666667,
      "total": 60,
      "win_rate": 0.966666666666667,
      "wins": 58
    },
    "soft_predator": {
      "avg_hp": 26.4666666666667,
      "total": 60,
      "win_rate": 0.966666666666667,
      "wins": 58
    },
    "soft_steampunk": {
      "avg_hp": 26.0166666666667,
      "total": 60,
      "win_rate": 0.933333333333333,
      "wins": 56
    }
  },
  "theme_ratio_variance": 0.313261054421769,
  "tipping_point_quality": 0.025408670931059,
  "weighted_score": 0.450921889073099,
  "win_rate_band": 0.0000000223136810107596
}
