{
  "activation_utilization": 0.908852900358383,
  "board_utilization": 0.651650952443155,
  "card_coverage": 0.263095238095238,
  "dominance_moment": 0.989759155679788,
  "emotional_arc": 0.292162698412698,
  "loss_resilience": 0.926626984126984,
  "metadata": {
    "base_seed": 42,
    "genome_path": "res://sim/best_genome.json",
    "runs_per_ai": 60,
    "strategies": [
      "soft_steampunk",
      "soft_druid",
      "soft_predator",
      "soft_military",
      "adaptive",
      "economy",
      "aggressive"
    ],
    "total_runs": 420
  },
  "strategy_stats": {
    "adaptive": {
      "avg_hp": 29.4166666666667,
      "total": 60,
      "win_rate": 0.983333333333333,
      "wins": 59
    },
    "aggressive": {
      "avg_hp": 29.8,
      "total": 60,
      "win_rate": 1.0,
      "wins": 60
    },
    "economy": {
      "avg_hp": 26.7,
      "total": 60,
      "win_rate": 0.983333333333333,
      "wins": 59
    },
    "soft_druid": {
      "avg_hp": 16.9666666666667,
      "total": 60,
      "win_rate": 0.8,
      "wins": 48
    },
    "soft_military": {
      "avg_hp": 26.5166666666667,
      "total": 60,
      "win_rate": 0.933333333333333,
      "wins": 56
    },
    "soft_predator": {
      "avg_hp": 25.2666666666667,
      "total": 60,
      "win_rate": 0.933333333333333,
      "wins": 56
    },
    "soft_steampunk": {
      "avg_hp": 24.25,
      "total": 60,
      "win_rate": 0.9,
      "wins": 54
    }
  },
  "theme_ratio_variance": 0.326034352166793,
  "tipping_point_quality": 0.0476190476190476,
  "weighted_score": 0.453737512900684,
  "win_rate_band": 0.0000000529037058600618
}
