{
  "activation_utilization": 0.9978663003663,
  "axis_delta": {
    "activation_utilization": 0.0312895617571872,
    "board_utilization": -0.0105325106040307,
    "card_coverage": 0.0271428571428569,
    "dominance_moment": 0.00170437405731527,
    "emotional_arc": -0.0516243880729862,
    "loss_resilience": 0.0394047619047621,
    "theme_ratio_variance": 0.0192185677842565,
    "tipping_point_quality": 0.10964220303506,
    "weighted_score": 0.0108611391890214,
    "win_rate_band": -0.121490616884418
  },
  "board_utilization": 0.661004872868581,
  "card_coverage": 0.157857142857143,
  "dominance_moment": 0.996605930833872,
  "emotional_arc": 0.679030373831776,
  "loss_resilience": 0.423452380952381,
  "metadata": {
    "base_seed": 42,
    "genome_path": "res://sim/candidate_genome.json",
    "runs_per_ai": 20,
    "strategies": [
      "soft_steampunk",
      "soft_druid",
      "soft_predator",
      "soft_military",
      "adaptive",
      "economy",
      "aggressive"
    ],
    "total_runs": 140
  },
  "strategy_stats": {
    "adaptive": {
      "avg_hp": -3.95,
      "total": 20,
      "win_rate": 0.2,
      "wins": 4
    },
    "aggressive": {
      "avg_hp": -1.85,
      "total": 20,
      "win_rate": 0.25,
      "wins": 5
    },
    "economy": {
      "avg_hp": -5.8,
      "total": 20,
      "win_rate": 0.1,
      "wins": 2
    },
    "soft_druid": {
      "avg_hp": -3.5,
      "total": 20,
      "win_rate": 0.15,
      "wins": 3
    },
    "soft_military": {
      "avg_hp": -5.65,
      "total": 20,
      "win_rate": 0.1,
      "wins": 2
    },
    "soft_predator": {
      "avg_hp": -3.7,
      "total": 20,
      "win_rate": 0.15,
      "wins": 3
    },
    "soft_steampunk": {
      "avg_hp": -7.7,
      "total": 20,
      "win_rate": 0.05,
      "wins": 1
    }
  },
  "theme_ratio_variance": 0.477046940800129,
  "tipping_point_quality": 0.282411477411477,
  "weighted_score": 0.567137845120632,
  "win_rate_band": 0.66374400085019
}