{
  "activation_utilization": 0.989046391752577,
  "axis_delta": {
    "activation_utilization": 0.00275799634545437,
    "board_utilization": 0.00356510977691493,
    "card_coverage": -0.0121428571428573,
    "dominance_moment": 0.00570929988908153,
    "emotional_arc": -0.0249580579337828,
    "loss_resilience": -0.00761904761904736,
    "theme_ratio_variance": 8.38293650797239e-05,
    "tipping_point_quality": 0.00525653172603525,
    "weighted_score": 0.011326710204739,
    "win_rate_band": 0.094713280762893
  },
  "board_utilization": 0.668484111667796,
  "card_coverage": 0.160714285714286,
  "dominance_moment": 0.991670973224428,
  "emotional_arc": 0.855963611859838,
  "loss_resilience": 0.314166666666667,
  "metadata": {
    "base_seed": 42,
    "genome_path": "res://sim/candidate_genome.json",
    "runs_per_ai": 20,
    "strategies": [
      "soft_steampunk",
      "soft_druid",
      "soft_predator",
      "soft_military",
      "adaptive",
      "economy",
      "aggressive"
    ],
    "total_runs": 140
  },
  "strategy_stats": {
    "adaptive": {
      "avg_hp": -14.05,
      "total": 20,
      "win_rate": 0.0,
      "wins": 0
    },
    "aggressive": {
      "avg_hp": -11.25,
      "total": 20,
      "win_rate": 0.0,
      "wins": 0
    },
    "economy": {
      "avg_hp": -10.0,
      "total": 20,
      "win_rate": 0.0,
      "wins": 0
    },
    "soft_druid": {
      "avg_hp": -9.85,
      "total": 20,
      "win_rate": 0.0,
      "wins": 0
    },
    "soft_military": {
      "avg_hp": -12.3,
      "total": 20,
      "win_rate": 0.0,
      "wins": 0
    },
    "soft_predator": {
      "avg_hp": -9.1,
      "total": 20,
      "win_rate": 0.0,
      "wins": 0
    },
    "soft_steampunk": {
      "avg_hp": -12.35,
      "total": 20,
      "win_rate": 0.0,
      "wins": 0
    }
  },
  "theme_ratio_variance": 0.488994543650794,
  "tipping_point_quality": 0.100080302633874,
  "weighted_score": 0.573491212119025,
  "win_rate_band": 0.9559974818331
}