{
  "activation_utilization": 0.917424668902416,
  "axis_delta": {
    "activation_utilization": -0.0171497991826903,
    "board_utilization": -0.000689687553675933,
    "card_coverage": 0.0299999999999999,
    "dominance_moment": 0.00520263141935673,
    "emotional_arc": 0.0967261904761907,
    "loss_resilience": 0.00630952380952371,
    "theme_ratio_variance": -0.0571557539682539,
    "tipping_point_quality": 0.0687713296573384,
    "weighted_score": 0.0118977092599024,
    "win_rate_band": 0.0
  },
  "board_utilization": 0.6951435497352,
  "card_coverage": 0.312857142857143,
  "dominance_moment": 0.950443407870922,
  "emotional_arc": 0.979166666666667,
  "loss_resilience": 0.346904761904762,
  "metadata": {
    "base_seed": 42,
    "genome_path": "res://sim/candidate_genome.json",
    "runs_per_ai": 20,
    "strategies": [
      "soft_steampunk",
      "soft_druid",
      "soft_predator",
      "soft_military",
      "adaptive",
      "economy",
      "aggressive"
    ],
    "total_runs": 140
  },
  "strategy_stats": {
    "adaptive": {
      "avg_hp": -10.0,
      "total": 20,
      "win_rate": 0.0,
      "wins": 0
    },
    "aggressive": {
      "avg_hp": -11.55,
      "total": 20,
      "win_rate": 0.0,
      "wins": 0
    },
    "economy": {
      "avg_hp": -7.5,
      "total": 20,
      "win_rate": 0.0,
      "wins": 0
    },
    "soft_druid": {
      "avg_hp": -10.5,
      "total": 20,
      "win_rate": 0.0,
      "wins": 0
    },
    "soft_military": {
      "avg_hp": -8.6,
      "total": 20,
      "win_rate": 0.0,
      "wins": 0
    },
    "soft_predator": {
      "avg_hp": -5.55,
      "total": 20,
      "win_rate": 0.0,
      "wins": 0
    },
    "soft_steampunk": {
      "avg_hp": -10.6,
      "total": 20,
      "win_rate": 0.0,
      "wins": 0
    }
  },
  "theme_ratio_variance": 0.407938492063492,
  "tipping_point_quality": 0.247257858263187,
  "weighted_score": 0.60514444474575,
  "win_rate_band": 0.9559974818331
}