{
  "activation_utilization": 0.98180102253136,
  "axis_delta": {
    "activation_utilization": -0.0154778890332663,
    "board_utilization": -0.00417174964695977,
    "card_coverage": 0.00357142857142889,
    "dominance_moment": -6.94411044948051e-05,
    "emotional_arc": 0.106440105253397,
    "loss_resilience": -0.00392857142857173,
    "theme_ratio_variance": 0.0866130952380947,
    "tipping_point_quality": -0.0203711128228249,
    "weighted_score": 0.00902170277636349,
    "win_rate_band": -0.0178002106832994
  },
  "board_utilization": 0.66820170733069,
  "card_coverage": 0.182857142857143,
  "dominance_moment": 0.992661151394098,
  "emotional_arc": 0.893772893772894,
  "loss_resilience": 0.347738095238095,
  "metadata": {
    "base_seed": 42,
    "genome_path": "res://sim/candidate_genome.json",
    "runs_per_ai": 20,
    "strategies": [
      "soft_steampunk",
      "soft_druid",
      "soft_predator",
      "soft_military",
      "adaptive",
      "economy",
      "aggressive"
    ],
    "total_runs": 140
  },
  "strategy_stats": {
    "adaptive": {
      "avg_hp": -8.75,
      "total": 20,
      "win_rate": 0.05,
      "wins": 1
    },
    "aggressive": {
      "avg_hp": -7.1,
      "total": 20,
      "win_rate": 0.05,
      "wins": 1
    },
    "economy": {
      "avg_hp": -9.25,
      "total": 20,
      "win_rate": 0.0,
      "wins": 0
    },
    "soft_druid": {
      "avg_hp": -9.65,
      "total": 20,
      "win_rate": 0.0,
      "wins": 0
    },
    "soft_military": {
      "avg_hp": -10.05,
      "total": 20,
      "win_rate": 0.05,
      "wins": 1
    },
    "soft_predator": {
      "avg_hp": -7.9,
      "total": 20,
      "win_rate": 0.05,
      "wins": 1
    },
    "soft_steampunk": {
      "avg_hp": -11.45,
      "total": 20,
      "win_rate": 0.0,
      "wins": 0
    }
  },
  "theme_ratio_variance": 0.517653273809524,
  "tipping_point_quality": 0.115075274269743,
  "weighted_score": 0.553877402789204,
  "win_rate_band": 0.703260670926602
}