{
  "activation_utilization": 0.980567606652206,
  "axis_delta": {
    "activation_utilization": -0.0172986937140944,
    "board_utilization": 0.0223555591064413,
    "card_coverage": -0.0500000000000002,
    "dominance_moment": 0.000939856711915543,
    "emotional_arc": 0.0278148642634621,
    "loss_resilience": -0.0645238095238097,
    "theme_ratio_variance": -0.0211878138160022,
    "tipping_point_quality": -0.0708043345543341,
    "weighted_score": 0.00460907418154721,
    "win_rate_band": 0.215771616846129
  },
  "board_utilization": 0.683360431975022,
  "card_coverage": 0.107857142857143,
  "dominance_moment": 0.997545787545787,
  "emotional_arc": 0.706845238095238,
  "loss_resilience": 0.358928571428571,
  "metadata": {
    "base_seed": 42,
    "genome_path": "res://sim/candidate_genome.json",
    "runs_per_ai": 20,
    "strategies": [
      "soft_steampunk",
      "soft_druid",
      "soft_predator",
      "soft_military",
      "adaptive",
      "economy",
      "aggressive"
    ],
    "total_runs": 140
  },
  "strategy_stats": {
    "adaptive": {
      "avg_hp": -5.9,
      "total": 20,
      "win_rate": 0.05,
      "wins": 1
    },
    "aggressive": {
      "avg_hp": -6.4,
      "total": 20,
      "win_rate": 0.0,
      "wins": 0
    },
    "economy": {
      "avg_hp": -7.45,
      "total": 20,
      "win_rate": 0.0,
      "wins": 0
    },
    "soft_druid": {
      "avg_hp": -9.85,
      "total": 20,
      "win_rate": 0.0,
      "wins": 0
    },
    "soft_military": {
      "avg_hp": -7.45,
      "total": 20,
      "win_rate": 0.0,
      "wins": 0
    },
    "soft_predator": {
      "avg_hp": -10.75,
      "total": 20,
      "win_rate": 0.0,
      "wins": 0
    },
    "soft_steampunk": {
      "avg_hp": -11.45,
      "total": 20,
      "win_rate": 0.0,
      "wins": 0
    }
  },
  "theme_ratio_variance": 0.455859126984127,
  "tipping_point_quality": 0.211607142857143,
  "weighted_score": 0.571746919302179,
  "win_rate_band": 0.879515617696319
}